{
  "sessionId": "camera_roi_20260622_171732",
  "actualLabel": "fruits_rotten_mango",
  "distanceCm": 10,
  "cameraLensFacing": "Belakang",
  "cameraFpsRange": "15-15|8-30|30-30",
  "cameraMaxFps": 30,
  "cameraMegapixels": 12,
  "cameraResolution": "4000x3000",
  "totalCaptures": 30,
  "correctPrediction": 30,
  "wrongPrediction": 0,
  "accuracy": 1,
  "meanInferenceMs": 39.09873273333333,
  "medianInferenceMs": 36.34125,
  "minInferenceMs": 20.809375,
  "maxInferenceMs": 77.674896,
  "p95InferenceMs": 71.443334,
  "meanPreprocessingMs": 9.309739433333334,
  "meanRoiCropMs": 1.6732864666666663,
  "meanIntervalSincePreviousInferenceMs": 66.39614403448276,
  "meanTotalMs": 59.28313196666668
}