{
  "sessionId": "camera_roi_20260622_171754",
  "actualLabel": "fruits_rotten_mango",
  "distanceCm": 20,
  "cameraLensFacing": "Belakang",
  "cameraFpsRange": "15-15|8-30|30-30",
  "cameraMaxFps": 30,
  "cameraMegapixels": 12,
  "cameraResolution": "4000x3000",
  "totalCaptures": 30,
  "correctPrediction": 30,
  "wrongPrediction": 0,
  "accuracy": 1,
  "meanInferenceMs": 42.28073960000001,
  "medianInferenceMs": 37.56349,
  "minInferenceMs": 24.924271,
  "maxInferenceMs": 91.689114,
  "p95InferenceMs": 71.647448,
  "meanPreprocessingMs": 8.198756900000001,
  "meanRoiCropMs": 1.5111493666666669,
  "meanIntervalSincePreviousInferenceMs": 70.07812496551722,
  "meanTotalMs": 61.98417709999999
}