{
  "sessionId": "camera_roi_20260701_005522",
  "actualLabel": "vegetables_rotten_cucumber",
  "distanceCm": null,
  "cameraLensFacing": "Belakang",
  "cameraFpsRange": "15-15|8-30|30-30",
  "cameraMaxFps": 30,
  "cameraMegapixels": 12,
  "cameraResolution": "4000x3000",
  "totalCaptures": 100,
  "correctPrediction": 63,
  "wrongPrediction": 37,
  "accuracy": 0.63,
  "meanInferenceMs": 34.988345650000014,
  "medianInferenceMs": 32.189535,
  "minInferenceMs": 22.1587,
  "maxInferenceMs": 62.678183,
  "p95InferenceMs": 57.157401,
  "meanPreprocessingMs": 7.0941620599999995,
  "meanRoiCropMs": 1.5658100399999992,
  "meanIntervalSincePreviousInferenceMs": 57.749400747474745,
  "meanTotalMs": 52.53301610000001
}