{
  "sessionId": "camera_roi_20260622_171903",
  "actualLabel": "fruits_rotten_mango",
  "distanceCm": null,
  "cameraLensFacing": "Belakang",
  "cameraFpsRange": "15-15|8-30|30-30",
  "cameraMaxFps": 30,
  "cameraMegapixels": 12,
  "cameraResolution": "4000x3000",
  "totalCaptures": 100,
  "correctPrediction": 100,
  "wrongPrediction": 0,
  "accuracy": 1,
  "meanInferenceMs": 41.592106219999984,
  "medianInferenceMs": 39.771094,
  "minInferenceMs": 21.950781,
  "maxInferenceMs": 77.109427,
  "p95InferenceMs": 62.160938,
  "meanPreprocessingMs": 7.803994340000002,
  "meanRoiCropMs": 1.6458432900000002,
  "meanIntervalSincePreviousInferenceMs": 66.1455991919192,
  "meanTotalMs": 60.03928121999999
}