{
  "sessionId": "camera_roi_20260622_171627",
  "actualLabel": "fruits_fresh_banana",
  "distanceCm": 30,
  "cameraLensFacing": "Belakang",
  "cameraFpsRange": "15-15|8-30|30-30",
  "cameraMaxFps": 30,
  "cameraMegapixels": 12,
  "cameraResolution": "4000x3000",
  "totalCaptures": 30,
  "correctPrediction": 30,
  "wrongPrediction": 0,
  "accuracy": 1,
  "meanInferenceMs": 48.04389243333333,
  "medianInferenceMs": 43.555104,
  "minInferenceMs": 24.364948,
  "maxInferenceMs": 78.883854,
  "p95InferenceMs": 75.873177,
  "meanPreprocessingMs": 8.740746533333333,
  "meanRoiCropMs": 1.5899549333333332,
  "meanIntervalSincePreviousInferenceMs": 71.48743351724139,
  "meanTotalMs": 67.50465106666665
}