{
  "sessionId": "camera_roi_20260622_171555",
  "actualLabel": "fruits_fresh_banana",
  "distanceCm": 10,
  "cameraLensFacing": "Belakang",
  "cameraFpsRange": "15-15|8-30|30-30",
  "cameraMaxFps": 30,
  "cameraMegapixels": 12,
  "cameraResolution": "4000x3000",
  "totalCaptures": 30,
  "correctPrediction": 30,
  "wrongPrediction": 0,
  "accuracy": 1,
  "meanInferenceMs": 46.22054693333334,
  "medianInferenceMs": 41.493386,
  "minInferenceMs": 25.345989,
  "maxInferenceMs": 94.63875,
  "p95InferenceMs": 81.98276,
  "meanPreprocessingMs": 7.334008633333334,
  "meanRoiCropMs": 1.6033975666666669,
  "meanIntervalSincePreviousInferenceMs": 70.99878768965516,
  "meanTotalMs": 63.822946200000004
}