{
  "sessionId": "camera_roi_20260623_151450",
  "actualLabel": "fruits_fresh_banana",
  "distanceCm": 10,
  "cameraLensFacing": "Belakang",
  "cameraFpsRange": "15-15|8-30|30-30",
  "cameraMaxFps": 30,
  "cameraMegapixels": 12,
  "cameraResolution": "4000x3000",
  "totalCaptures": 30,
  "correctPrediction": 30,
  "wrongPrediction": 0,
  "accuracy": 1,
  "meanInferenceMs": 41.467706666666665,
  "medianInferenceMs": 38.441094,
  "minInferenceMs": 21.891094,
  "maxInferenceMs": 81.849583,
  "p95InferenceMs": 61.696459,
  "meanPreprocessingMs": 7.517484433333334,
  "meanRoiCropMs": 1.5181822333333337,
  "meanIntervalSincePreviousInferenceMs": 71.6513218275862,
  "meanTotalMs": 59.787166666666664
}