{
  "sessionId": "camera_roi_20260622_171418",
  "actualLabel": "fruits_fresh_orange",
  "distanceCm": 20,
  "cameraLensFacing": "Belakang",
  "cameraFpsRange": "15-15|8-30|30-30",
  "cameraMaxFps": 30,
  "cameraMegapixels": 12,
  "cameraResolution": "4000x3000",
  "totalCaptures": 30,
  "correctPrediction": 30,
  "wrongPrediction": 0,
  "accuracy": 1,
  "meanInferenceMs": 67.96946016666668,
  "medianInferenceMs": 50.679375,
  "minInferenceMs": 30.237969,
  "maxInferenceMs": 160.014844,
  "p95InferenceMs": 157.580364,
  "meanPreprocessingMs": 12.187577933333333,
  "meanRoiCropMs": 1.6165207666666668,
  "meanIntervalSincePreviousInferenceMs": 99.9914439310345,
  "meanTotalMs": 94.93634550000003
}