{
  "sessionId": "camera_roi_20260701_002338",
  "actualLabel": "vegetables_rotten_carrot",
  "distanceCm": null,
  "cameraLensFacing": "Belakang",
  "cameraFpsRange": "10-10|15-15|15-20|20-20|5-30|30-30",
  "cameraMaxFps": 30,
  "cameraMegapixels": 13.12896,
  "cameraResolution": "4208x3120",
  "totalCaptures": 100,
  "correctPrediction": 95,
  "wrongPrediction": 5,
  "accuracy": 0.95,
  "meanInferenceMs": 82.0306669,
  "medianInferenceMs": 86.090539,
  "minInferenceMs": 48.552154,
  "maxInferenceMs": 133.766846,
  "p95InferenceMs": 112.002385,
  "meanPreprocessingMs": 16.29211388,
  "meanRoiCropMs": 2.11594765,
  "meanIntervalSincePreviousInferenceMs": 153.5321942525252,
  "meanTotalMs": 147.73101844999997
}