{
  "sessionId": "camera_roi_20260623_152227",
  "actualLabel": "fruits_rotten_orange",
  "distanceCm": null,
  "cameraLensFacing": "Belakang",
  "cameraFpsRange": "15-15|8-30|30-30",
  "cameraMaxFps": 30,
  "cameraMegapixels": 12,
  "cameraResolution": "4000x3000",
  "totalCaptures": 100,
  "correctPrediction": 100,
  "wrongPrediction": 0,
  "accuracy": 1,
  "meanInferenceMs": 32.39595412,
  "medianInferenceMs": 28.809896,
  "minInferenceMs": 15.884167,
  "maxInferenceMs": 75.209584,
  "p95InferenceMs": 54.254115,
  "meanPreprocessingMs": 8.724097989999997,
  "meanRoiCropMs": 1.5551646100000005,
  "meanIntervalSincePreviousInferenceMs": 69.60700123232326,
  "meanTotalMs": 52.116491690000004
}